Date,^BVSP,Variação_Diária_%
2018-01-02,77891.0,
2018-01-03,77995.0,0.13351991886096926
2018-01-04,78647.0,0.8359510225014466
2018-01-05,79071.0,0.5391178303050248
2018-01-08,79379.0,0.3895233397832376
2018-01-09,78864.0,-0.6487862029000091
2018-01-10,78201.0,-0.8406877662811896
2018-01-11,79365.0,1.488472014424369
2018-01-12,79349.0,-0.020160020160020498
2018-01-15,79752.0,0.5078828970749516
2018-01-16,79832.0,0.10031096398837036
2018-01-17,81189.0,1.6998196212045347
2018-01-18,80963.0,-0.27836283240340043
2018-01-19,81220.0,0.3174289490260884
2018-01-22,81675.0,0.5602068456045384
2018-01-23,80678.0,-1.220691766146309
2018-01-24,83680.0,3.720964823124029
2018-01-26,85531.0,2.2119980879541146
2018-01-29,84698.0,-0.9739158901450939
2018-01-30,84482.0,-0.25502373137500367
2018-01-31,84913.0,0.5101678464051407
2018-02-01,85495.0,0.685407417003292
2018-02-02,84041.0,-1.7006842505409625
2018-02-05,81861.0,-2.593971989862087
2018-02-06,83894.0,2.483478090910207
2018-02-07,82767.0,-1.3433618613965193
2018-02-08,81533.0,-1.4909323764302207
2018-02-09,80899.0,-0.7775992542896737
2018-02-14,83543.0,3.268272784583237
2018-02-15,84291.0,0.8953473061776629
2018-02-16,84525.0,0.27760970922161565
2018-02-19,84793.0,0.31706595681750827
2018-02-20,85804.0,1.1923154033941508
2018-02-21,86052.0,0.2890308144142484
2018-02-22,86686.0,0.7367638172267821
2018-02-23,87293.0,0.700228410585324
2018-02-26,87653.0,0.4124042019405971
2018-02-27,86935.0,-0.8191391053358088
2018-02-28,85481.0,-1.6725139472019368
2018-03-01,85378.0,-0.12049461283794027
2018-03-02,85761.0,0.4485933144369847
2018-03-05,86023.0,0.30550016907451294
2018-03-06,85653.0,-0.43011752670797376
2018-03-07,85484.0,-0.19730774170197973
2018-03-08,84985.0,-0.5837349679472137
2018-03-09,86371.0,1.6308760369476927
2018-03-12,86900.0,0.6124740943140639
2018-03-13,86384.0,-0.593785960874571
2018-03-14,86051.0,-0.3854880533432081
2018-03-15,84928.0,-1.3050400343982083
2018-03-16,84886.0,-0.04945365486058728
2018-03-19,83913.0,-1.1462431967580011
2018-03-20,84164.0,0.2991193259685554
2018-03-21,84977.0,0.9659711990875008
2018-03-22,84768.0,-0.24594890382103607
2018-03-23,84377.0,-0.4612589656474153
2018-03-26,85088.0,0.8426466928191267
2018-03-27,83808.0,-1.5043249341857856
2018-03-28,83874.0,0.07875143184421507
2018-03-29,85366.0,1.778858764336988
2018-04-02,84666.0,-0.8199985942881294
2018-04-03,84623.0,-0.05078780147874662
2018-04-04,84360.0,-0.31079021069921886
2018-04-05,85210.0,1.007586533902316
2018-04-06,84820.0,-0.45769275906584195
2018-04-09,83307.0,-1.7837774109879745
2018-04-10,84510.0,1.4440563217976932
2018-04-11,85246.0,0.8709028517335238
2018-04-12,85444.0,0.2322689627665797
2018-04-13,84334.0,-1.2990964842469976
2018-04-16,82862.0,-1.745440747503968
2018-04-17,84086.0,1.4771547874779856
2018-04-18,85776.0,2.0098470613419517
2018-04-19,85824.0,0.05595970900951208
2018-04-20,85550.0,-0.31925801640566576
2018-04-23,85602.0,0.06078316773816539
2018-04-24,85469.0,-0.15537020163080006
2018-04-25,85044.0,-0.4972563151552034
2018-04-26,86383.0,1.574479093175296
2018-04-27,86445.0,0.07177338133661504
2018-04-30,86115.0,-0.38174561860142564
2018-05-02,84547.0,-1.8208209951808607
2018-05-03,83288.0,-1.4891125646090297
2018-05-04,83118.0,-0.204111036403809
2018-05-07,82714.0,-0.48605596862292266
2018-05-08,82956.0,0.29257441303769394
2018-05-09,84265.0,1.577944934664166
2018-05-10,85861.0,1.8940248027057516
2018-05-11,85220.0,-0.746555479204758
2018-05-14,85232.0,0.01408120159587245
2018-05-15,85130.0,-0.11967336211751167
2018-05-16,86537.0,1.6527663573358442
2018-05-17,83622.0,-3.368501334689211
2018-05-18,83082.0,-0.6457630767022993
2018-05-21,81815.0,-1.524999398184923
2018-05-22,82739.0,1.12937725355986
2018-05-23,80867.0,-2.2625364096737988
2018-05-24,80122.0,-0.9212657820866332
2018-05-25,78898.0,-1.5276703027882532
2018-05-28,75356.0,-4.4893406676975385
2018-05-29,76072.0,0.9501565900525533
2018-05-30,76754.0,0.8965190871805584
2018-06-01,77240.0,0.6331917554785349
2018-06-04,78596.0,1.7555670636975718
2018-06-05,76642.0,-2.48613160975113
2018-06-06,76117.0,-0.6850030009655228
2018-06-07,73851.0,-2.976995940460081
2018-06-08,72942.0,-1.2308567250274183
2018-06-11,72308.0,-0.8691837350223497
2018-06-12,72754.0,0.6168058859324033
2018-06-13,72122.0,-0.8686807598207613
2018-06-14,71421.0,-0.9719641718199723
2018-06-15,70758.0,-0.9282983996303562
2018-06-18,69815.0,-1.3327114955199448
2018-06-19,71394.0,2.2616916135500986
2018-06-20,72123.0,1.0210942095974396
2018-06-21,70075.0,-2.839593472262658
2018-06-22,70641.0,0.8077060292543736
2018-06-25,70953.0,0.44166985178579754
2018-06-26,71405.0,0.6370414217862441
2018-06-27,70609.0,-1.1147678733982258
2018-06-28,71767.0,1.6400175615006507
2018-06-29,72763.0,1.38782448757786
2018-07-02,72840.0,0.10582301444415076
2018-07-03,73668.0,1.1367380560131757
2018-07-04,74743.0,1.4592496063419613
2018-07-05,74553.0,-0.2542044071016658
2018-07-06,75010.0,0.6129867342695716
2018-07-10,74862.0,-0.1973070257298981
2018-07-11,74399.0,-0.6184713205631742
2018-07-12,75856.0,1.958359655371722
2018-07-13,76594.0,0.9728960134992581
2018-07-16,76653.0,0.07702953233934551
2018-07-17,78130.0,1.9268652238007666
2018-07-18,77363.0,-0.9816971713810352
2018-07-19,77487.0,0.16028333958093555
2018-07-20,78571.0,1.398944339050412
2018-07-23,77996.0,-0.7318221735754915
2018-07-24,79155.0,1.485973639673821
2018-07-25,80218.0,1.3429347482786902
2018-07-26,79405.0,-1.0134882445336446
2018-07-27,79866.0,0.5805679743089209
2018-07-30,80276.0,0.5133598777953052
2018-07-31,79220.0,-1.3154616572823796
2018-08-01,79302.0,0.10350921484474362
2018-08-02,79637.0,0.42243575193563476
2018-08-03,81435.0,2.2577445157401677
2018-08-06,81051.0,-0.47154172039050035
2018-08-07,80347.0,-0.8685889131534452
2018-08-08,79152.0,-1.4872988412759636
2018-08-09,78768.0,-0.4851425106124907
2018-08-10,76514.0,-2.861568149502336
2018-08-13,77496.0,1.2834252555087966
2018-08-14,78602.0,1.4271704346030756
2018-08-15,77078.0,-1.9388819622910392
2018-08-16,76819.0,-0.3360232491761539
2018-08-17,76029.0,-1.0283914135825745
2018-08-20,76328.0,0.3932709887016772
2018-08-21,75180.0,-1.5040352164343407
2018-08-22,76902.0,2.2905027932960786
2018-08-23,75634.0,-1.6488517853891937
2018-08-24,76262.0,0.8303144088637415
2018-08-27,77930.0,2.187196769033073
2018-08-28,77473.0,-0.5864237135891237
2018-08-29,78389.0,1.1823473984484911
2018-08-30,76404.0,-2.532243044304683
2018-08-31,76678.0,0.3586199675409629
2018-09-03,76193.0,-0.6325151934061912
2018-09-04,74712.0,-1.9437481133437462
2018-09-05,75092.0,0.5086197665703063
2018-09-06,76416.0,1.7631705108400286
2018-09-10,76436.0,0.026172529313228665
2018-09-11,74657.0,-2.3274373331937825
2018-09-12,75125.0,0.6268668711574277
2018-09-13,74687.0,-0.5830282861896796
2018-09-14,75429.0,0.9934794542557635
2018-09-17,76789.0,1.8030200585981593
2018-09-18,78314.0,1.9859615309484324
2018-09-19,78169.0,-0.185152080087847
2018-09-20,78116.0,-0.06780181401834229
2018-09-21,79444.0,1.700035844129233
2018-09-24,77984.0,-1.837772519007097
2018-09-25,78630.0,0.8283750512925625
2018-09-26,78656.0,0.03306625969732302
2018-09-27,80000.0,1.708706265256299
2018-09-28,79342.0,-0.8225000000000038
2018-10-01,78624.0,-0.9049431574701949
2018-10-02,81612.0,3.800366300366309
2018-10-03,83273.0,2.0352399156986722
2018-10-04,82953.0,-0.3842782174294235
2018-10-05,82322.0,-0.7606717056646506
2018-10-08,86084.0,4.56985981876048
2018-10-09,86088.0,0.004646624227500062
2018-10-10,83679.0,-2.798299414552552
2018-10-11,82921.0,-0.9058425650402158
2018-10-15,83360.0,0.5294195680225711
2018-10-16,85718.0,2.8286948176583504
2018-10-17,85764.0,0.053664341211878686
2018-10-18,83847.0,-2.2352035819224847
2018-10-19,84220.0,0.44485789592949576
2018-10-22,85597.0,1.6350035620992687
2018-10-23,85300.0,-0.3469747771534082
2018-10-24,83064.0,-2.621336459554513
2018-10-25,84084.0,1.2279687951459062
2018-10-26,85720.0,1.9456733742448051
2018-10-29,83797.0,-2.243350443303782
2018-10-30,86886.0,3.686289485303762
2018-10-31,87424.0,0.6192021729622743
2018-11-01,88419.0,1.1381314055636915
2018-11-05,89598.0,1.3334238116242014
2018-11-06,88669.0,-1.0368535011942237
2018-11-07,87714.0,-1.0770393260327693
2018-11-08,85620.0,-2.3873041931732675
2018-11-09,85641.0,0.024526979677652605
2018-11-12,85525.0,-0.13544914235004146
2018-11-13,84914.0,-0.714410990938319
2018-11-14,85973.0,1.2471441693949092
2018-11-16,88515.0,2.9567422330266435
2018-11-19,87901.0,-0.6936677399310809
2018-11-21,87269.0,-0.7189906826998604
2018-11-22,87477.0,0.2383435125875133
2018-11-23,86230.0,-1.4255175646169849
2018-11-26,85547.0,-0.7920677258494768
2018-11-27,87891.0,2.740014261166368
2018-11-28,89251.0,1.5473711756607722
2018-11-29,89710.0,0.51427995204536
2018-11-30,89504.0,-0.22962880392375373
2018-12-03,89820.0,0.35305684662136905
2018-12-04,88624.0,-1.3315519928746355
2018-12-05,89040.0,0.469398808449184
2018-12-06,88846.0,-0.21787960467205547
2018-12-07,88115.0,-0.8227719874839612
2018-12-10,85915.0,-2.496737218407763
2018-12-11,86420.0,0.5877902578129479
2018-12-12,86977.0,0.6445267299236335
2018-12-13,87838.0,0.9899168745760356
2018-12-14,87450.0,-0.4417222614358285
2018-12-17,86400.0,-1.2006861063464824
2018-12-18,86610.0,0.24305555555554914
2018-12-19,85674.0,-1.0807066158642242
2018-12-20,85269.0,-0.47272217942433414
2018-12-21,85697.0,0.5019409163939947
2018-12-26,85136.0,-0.6546320174568576
2018-12-27,85460.0,0.3805675624882543
2018-12-28,87887.0,2.8399251111631107
2019-01-02,91012.0,3.5557022085177525
2019-01-03,91564.0,0.6065134268008698
2019-01-04,91841.0,0.3025206413000747
2019-01-07,91699.0,-0.15461504121253578
2019-01-08,92032.0,0.3631446362555746
2019-01-09,93613.0,1.7178807371349025
2019-01-10,93806.0,0.20616794675953898
2019-01-11,93658.0,-0.15777242393876234
2019-01-14,94474.0,0.8712549915650625
2019-01-15,94056.0,-0.44244977454114265
2019-01-16,94393.0,0.3582971846559424
2019-01-17,95351.0,1.01490576631742
2019-01-18,96097.0,0.7823724974043378
2019-01-21,96010.0,-0.09053352341904519
2019-01-22,95103.0,-0.9446932611186343
2019-01-23,96558.0,1.5299201917920557
2019-01-24,97677.0,1.1588889579320139
2019-01-28,95444.0,-2.286106248144393
2019-01-29,95639.0,0.20430828548678726
2019-01-30,96996.0,1.4188772362738966
2019-01-31,97394.0,0.410326199018507
2019-02-01,97861.0,0.47949565681664197
2019-02-04,98589.0,0.7439122837493928
2019-02-05,98311.0,-0.28197871973546507
2019-02-06,94636.0,-3.7381371362309457
2019-02-07,94406.0,-0.2430364766050963
2019-02-08,95343.0,0.9925216617587829
2019-02-11,94413.0,-0.9754255687360325
2019-02-12,96168.0,1.8588541832162964
2019-02-13,95842.0,-0.33899010065718826
2019-02-14,98015.0,2.2672732205087476
2019-02-15,97526.0,-0.49890322909759144
2019-02-18,96510.0,-1.0417734757910746
2019-02-19,97659.0,1.19055020205161
2019-02-20,96545.0,-1.1407038777788037
2019-02-21,96932.0,0.40084934486508406
2019-02-22,97886.0,0.9841951058473963
2019-02-25,97240.0,-0.6599513720041639
2019-02-26,97603.0,0.37330316742081315
2019-02-27,97307.0,-0.3032693667202824
2019-02-28,95584.0,-1.7706845345144773
2019-03-01,94604.0,-1.025276196853031
2019-03-06,94217.0,-0.40907361210942295
2019-03-07,94340.0,0.13054968848509318
2019-03-08,95365.0,1.0864956540173942
2019-03-11,98027.0,2.79138048550307
2019-03-12,97828.0,-0.2030052944596905
2019-03-13,98904.0,1.0998896021588989
2019-03-14,98605.0,-0.30231335436382567
2019-03-15,99137.0,0.5395263931849303
2019-03-18,99994.0,0.864460292322744
2019-03-19,99588.0,-0.40602436146168763
2019-03-20,98041.0,-1.5534000080331012
2019-03-21,96729.0,-1.3382156444752713
2019-03-22,93735.0,-3.095245479638986
2019-03-25,93662.0,-0.07787912732704072
2019-03-26,95307.0,1.7563152612585675
2019-03-27,91903.0,-3.571615935870398
2019-03-28,94389.0,2.705025951274709
2019-03-29,95415.0,1.0869910688745543
2019-04-01,96054.0,0.6697060210658634
2019-04-02,95387.0,-0.6944010660670075
2019-04-03,94491.0,-0.9393313554257876
2019-04-04,96313.0,1.928225968610775
2019-04-05,97108.0,0.8254337420701363
2019-04-08,97369.0,0.2687729126333638
2019-04-09,96292.0,-1.106101531288195
2019-04-10,95953.0,-0.35205416857059246
2019-04-11,94755.0,-1.2485279251300163
2019-04-12,92875.0,-1.9840641654793933
2019-04-15,93083.0,0.22395693135934813
2019-04-16,94333.0,1.3428875304835497
2019-04-17,93285.0,-1.1109579892508492
2019-04-18,94578.0,1.38607493166103
2019-04-22,94588.0,0.010573283427439684
2019-04-23,95923.0,1.4113841079206768
2019-04-24,95045.0,-0.9153174942401754
2019-04-25,96552.0,1.5855647324951372
2019-04-26,96236.0,-0.32728477918634313
2019-04-29,96188.0,-0.049877384762464505
2019-04-30,96353.0,0.17153906932256824
2019-05-02,95528.0,-0.8562265835002525
2019-05-03,96008.0,0.5024704798593183
2019-05-06,95009.0,-1.0405382884759562
2019-05-07,94389.0,-0.6525697565493815
2019-05-08,95597.0,1.279810147368865
2019-05-09,94808.0,-0.8253397073129887
2019-05-10,94258.0,-0.5801198211121461
2019-05-13,91727.0,-2.6851832205223913
2019-05-14,92092.0,0.3979199145289769
2019-05-15,91623.0,-0.5092733353602941
2019-05-16,90024.0,-1.7451949837922753
2019-05-17,89993.0,-0.03443526170798794
2019-05-20,91946.0,2.1701687909059686
2019-05-21,94485.0,2.761403432449483
2019-05-22,94361.0,-0.1312377626078165
2019-05-23,93910.0,-0.4779516961456509
2019-05-24,93628.0,-0.30028750931743176
2019-05-27,94864.0,1.320117913444685
2019-05-28,96393.0,1.6117810760667872
2019-05-29,96567.0,0.18051103295881887
2019-05-30,97457.0,0.9216398976876095
2019-05-31,97030.0,-0.4381419497829775
2019-06-03,97020.0,-0.01030609089972545
2019-06-04,97380.0,0.37105751391466324
2019-06-05,95999.0,-1.4181556787841498
2019-06-06,97205.0,1.2562630860738055
2019-06-07,97821.0,0.6337122575999166
2019-06-10,97467.0,-0.36188548471187687
2019-06-11,98960.0,1.5318005068382101
2019-06-12,98321.0,-0.6457154405820509
2019-06-13,98774.0,0.46073575329788063
2019-06-14,98040.0,-0.7431105351610734
2019-06-17,97623.0,-0.4253365973072243
2019-06-18,99404.0,1.824365159849628
2019-06-19,100303.0,0.9043901653857045
2019-06-21,102013.0,1.7048343519137088
2019-06-24,102062.0,0.04803309382137577
2019-06-25,100093.0,-1.929219494033041
2019-06-26,100689.0,0.5954462350014511
2019-06-27,100724.0,0.03476050015394083
2019-06-28,100967.0,0.241253325920332
2019-07-01,101340.0,0.3694276347717462
2019-07-02,100605.0,-0.7252812314979318
2019-07-03,102043.0,1.4293524178718764
2019-07-04,103636.0,1.5611065923189171
2019-07-05,104089.0,0.4371067968659492
2019-07-08,104530.0,0.4236758927456341
2019-07-10,105817.0,1.2312254855065596
2019-07-11,105146.0,-0.6341136112344881
2019-07-12,103906.0,-1.1793125748958633
2019-07-15,103803.0,-0.09912805805246672
2019-07-16,103775.0,-0.02697417223008758
2019-07-17,103856.0,0.0780534810888911
2019-07-18,104717.0,0.8290325065475335
2019-07-19,103452.0,-1.208017800357153
2019-07-22,103949.0,0.4804160383559575
2019-07-23,103704.0,-0.2356925030543855
2019-07-24,104120.0,0.4011417110236781
2019-07-25,102655.0,-1.4070303495966163
2019-07-26,102819.0,0.15975841410549307
2019-07-29,103483.0,0.6457950378821131
2019-07-30,102933.0,-0.5314882637727947
2019-07-31,101812.0,-1.089057930887083
2019-08-01,102126.0,0.30841158213177344
2019-08-02,102674.0,0.536592052954199
2019-08-05,100098.0,-2.5089117011122597
2019-08-06,102164.0,2.0639773022437913
2019-08-07,102782.0,0.6049097529462477
2019-08-08,104115.0,1.2969196941098549
2019-08-09,103996.0,-0.11429669115881058
2019-08-12,101915.0,-2.001038501480823
2019-08-13,103299.0,1.3579944071039574
2019-08-14,100258.0,-2.9438813541273423
2019-08-15,99057.0,-1.197909393764085
2019-08-16,99806.0,0.7561303088120974
2019-08-19,99469.0,-0.3376550507985465
2019-08-20,99222.0,-0.24831857161528026
2019-08-21,101202.0,1.995525185946656
2019-08-22,100011.0,-1.1768542123673398
2019-08-23,97667.0,-2.343742188359277
2019-08-26,96430.0,-1.2665485783324937
2019-08-27,97276.0,0.8773203359950132
2019-08-28,98194.0,0.9437065668818523
2019-08-29,100524.0,2.372853738517633
2019-08-30,101135.0,0.6078150491424905
2019-09-02,100626.0,-0.5032876847777756
2019-09-03,99681.0,-0.9391211019020962
2019-09-04,101201.0,1.5248643171717813
2019-09-05,102243.0,1.0296340945247673
2019-09-06,102935.0,0.6768189509306355
2019-09-09,103181.0,0.23898576771748115
2019-09-10,103032.0,-0.14440643141663267
2019-09-11,103446.0,0.40181691125087404
2019-09-12,104371.0,0.8941863387661231
2019-09-13,103501.0,-0.8335648791330974
2019-09-16,103680.0,0.17294518893538058
2019-09-17,104617.0,0.903742283950626
2019-09-18,104532.0,-0.08124874542377869
2019-09-19,104339.0,-0.18463245704664066
2019-09-20,104817.0,0.4581220828261623
2019-09-23,104638.0,-0.1707738248566515
2019-09-24,103876.0,-0.728224927846477
2019-09-25,104481.0,0.582425199276071
2019-09-26,105319.0,0.802059704635294
2019-09-27,105078.0,-0.2288286064242917
2019-09-30,104745.0,-0.3169074401872862
2019-10-01,104053.0,-0.6606520597641885
2019-10-02,101031.0,-2.904289160331752
2019-10-03,101516.0,0.48005067751482056
2019-10-04,102551.0,1.0195437172465516
2019-10-07,100573.0,-1.9287964037405736
2019-10-08,99981.0,-0.5886271663368858
2019-10-09,101249.0,1.268240965783507
2019-10-10,101817.0,0.560993194994519
2019-10-11,103832.0,1.9790408281524785
2019-10-14,104302.0,0.45265428769549754
2019-10-15,104490.0,0.18024582462465855
2019-10-16,105423.0,0.8929084122882625
2019-10-17,105016.0,-0.38606376217713567
2019-10-18,104729.0,-0.2732916888855019
2019-10-21,106022.0,1.234615054091992
2019-10-22,107381.0,1.28180943577747
2019-10-23,107544.0,0.15179594155390053
2019-10-24,106986.0,-0.5188573979022504
2019-10-25,107364.0,0.353317256463459
2019-10-28,108187.0,0.7665511717149132
2019-10-29,107556.0,-0.5832493737694899
2019-10-30,108408.0,0.7921454870021272
2019-10-31,107220.0,-1.095860084126632
2019-11-01,108196.0,0.9102779332214039
2019-11-04,108601.0,0.3743206772893748
2019-11-05,108451.0,-0.13812027513558922
2019-11-06,108336.0,-0.10603867184257876
2019-11-07,109581.0,1.1492024811696977
2019-11-08,107629.0,-1.7813307051404936
2019-11-11,108215.0,0.5444629235614951
2019-11-12,106785.0,-1.3214434228156935
2019-11-13,105914.0,-0.8156576298169238
2019-11-14,106557.0,0.6070963234322102
2019-11-18,106347.0,-0.19707762042849852
2019-11-19,105618.0,-0.6854918333380366
2019-11-21,107497.0,1.7790528129674854
2019-11-22,108692.0,1.1116589300166568
2019-11-25,108424.0,-0.24656828469437064
2019-11-26,107059.0,-1.2589463587397653
2019-11-27,107708.0,0.6062077919651854
2019-11-28,108290.0,0.5403498347383628
2019-11-29,108233.0,-0.052636439191056095
2019-12-02,109061.0,0.765016215017611
2019-12-03,108956.0,-0.09627639577850511
2019-12-04,110301.0,1.2344432615000622
2019-12-05,110622.0,0.29102184023717115
2019-12-06,111126.0,0.4556055757444222
2019-12-09,110977.0,-0.13408203300757648
2019-12-10,110672.0,-0.2748317218883245
2019-12-11,110964.0,0.2638427063756055
2019-12-12,112200.0,1.113874770195733
2019-12-13,112565.0,0.32531194295899457
2019-12-16,111896.0,-0.5943232798827358
2019-12-17,112616.0,0.6434546364481264
2019-12-18,114315.0,1.5086666193080855
2019-12-19,115131.0,0.7138170843721259
2019-12-20,115121.0,-0.008685757962667573
2019-12-23,115863.0,0.6445392239469827
2019-12-26,117203.0,1.156538325436074
2019-12-27,116534.0,-0.57080450159126
2019-12-30,115964.0,-0.48912763656958624
2020-01-02,118573.0,2.249836156048435
2020-01-03,117707.0,-0.7303517664223769
2020-01-06,116878.0,-0.7042911636521154
2020-01-07,116662.0,-0.18480809048752045
2020-01-08,116247.0,-0.35572851485488055
2020-01-09,115947.0,-0.25807117603035
2020-01-10,115503.0,-0.38293358172268865
2020-01-13,117325.0,1.5774482048085403
2020-01-14,117632.0,0.2616663115277973
2020-01-15,116414.0,-1.0354325353645222
2020-01-16,116704.0,0.24911093167487852
2020-01-17,118478.0,1.5200850013709966
2020-01-20,118862.0,0.3241108053815944
2020-01-21,117026.0,-1.544648415809935
2020-01-22,118391.0,1.1664074650077794
2020-01-23,119528.0,0.960377055688344
2020-01-24,118376.0,-0.9637909109162734
2020-01-27,114482.0,-3.2895181455700473
2020-01-28,116479.0,1.744379029017673
2020-01-29,115385.0,-0.9392250963693005
2020-01-30,115528.0,0.12393292022359059
2020-01-31,113761.0,-1.5294993421508196
2020-02-03,114629.0,0.7630031381580693
2020-02-04,115557.0,0.8095682593409981
2020-02-05,116028.0,0.40759105895791237
2020-02-06,115190.0,-0.722239459440821
2020-02-07,113770.0,-1.2327458980814332
2020-02-10,112570.0,-1.0547596027072115
2020-02-11,115371.0,2.4882295460602277
2020-02-12,116674.0,1.129399935859099
2020-02-13,115662.0,-0.8673740507739502
2020-02-14,114381.0,-1.107537479898324
2020-02-17,115309.0,0.8113235589827017
2020-02-18,114977.0,-0.28792201822928076
2020-02-19,116518.0,1.3402680536107159
2020-02-20,114586.0,-1.6581129095933678
2020-02-21,113681.0,-0.7897998010228169
2020-02-26,105718.0,-7.004688558334282
2020-02-27,102984.0,-2.5861253523524863
2020-02-28,104172.0,1.1535772547191847
2020-03-02,106625.0,2.3547594363168667
2020-03-03,105537.0,-1.0203985932004667
2020-03-04,107224.0,1.598491524299539
2020-03-05,102233.0,-4.654741475789004
2020-03-06,97997.0,-4.1434761769682975
2020-03-09,86067.0,-12.173842056389484
2020-03-10,92214.0,7.142110216459274
2020-03-11,85171.0,-7.63766890060078
2020-03-12,72583.0,-14.7796785290768
2020-03-13,82678.0,13.908215422344083
2020-03-16,71168.0,-13.921478506978879
2020-03-17,74617.0,4.8462792266187105
2020-03-18,66895.0,-10.348848117721165
2020-03-19,68332.0,2.148142611555426
2020-03-20,67069.0,-1.848328747878003
2020-03-23,63570.0,-5.217015312588524
2020-03-24,69729.0,9.688532326569144
2020-03-25,74956.0,7.496163719542803
2020-03-26,77710.0,3.6741555045626706
2020-03-27,73429.0,-5.508943507914044
2020-03-30,74640.0,1.6492121641313418
2020-03-31,73020.0,-2.170418006430863
2020-04-01,70967.0,-2.81155847712955
2020-04-02,72253.0,1.812109853875743
2020-04-03,69538.0,-3.757629440992072
2020-04-06,74073.0,6.521614081509397
2020-04-07,76358.0,3.084794729523588
2020-04-08,78625.0,2.9689096099950296
2020-04-09,77682.0,-1.1993640699523023
2020-04-13,78836.0,1.4855436265801547
2020-04-14,79918.0,1.3724694302095442
2020-04-15,78831.0,-1.3601441477514409
2020-04-16,77812.0,-1.2926386827517122
2020-04-17,78990.0,1.5139053102349198
2020-04-20,78973.0,-0.021521711609062688
2020-04-22,80687.0,2.170362022463368
2020-04-23,79673.0,-1.2567080198792824
2020-04-24,75331.0,-5.449775959233372
2020-04-27,78239.0,3.8602965578579784
2020-04-28,81312.0,3.9277086874832223
2020-04-29,83171.0,2.2862554112554223
2020-04-30,80506.0,-3.204241863149415
2020-05-04,78876.0,-2.024693811641365
2020-05-05,79471.0,0.7543485977990816
2020-05-06,79064.0,-0.5121365026235947
2020-05-07,78119.0,-1.195234240615195
2020-05-08,80263.0,2.744530779963905
2020-05-11,79065.0,-1.4925931001831483
2020-05-12,77872.0,-1.508885094542467
2020-05-13,77772.0,-0.12841586192726684
2020-05-14,79011.0,1.5931183459342746
2020-05-15,77557.0,-1.8402500917593767
2020-05-18,81194.0,4.689454207872923
2020-05-19,80742.0,-0.5566913811365426
2020-05-20,81319.0,0.7146218820440309
2020-05-21,83027.0,2.1003701471980607
2020-05-22,82173.0,-1.0285810639912296
2020-05-25,85663.0,4.247137137502577
2020-05-26,85469.0,-0.2264688371875878
2020-05-27,87946.0,2.8981268062104437
2020-05-28,86949.0,-1.1336501944374966
2020-05-29,87403.0,0.5221451655568199
2020-06-01,88620.0,1.3924007185108112
2020-06-02,91046.0,2.7375310313698886
2020-06-03,93002.0,2.1483645629681636
2020-06-04,93829.0,0.8892281886411002
2020-06-05,94637.0,0.8611410118406937
2020-06-08,97645.0,3.17846085569069
2020-06-09,96747.0,-0.9196579445952202
2020-06-10,94686.0,-2.1302986139105085
2020-06-12,92795.0,-1.9971273472319084
2020-06-15,92376.0,-0.4515329489735431
2020-06-16,93531.0,1.2503247596778344
2020-06-17,95547.0,2.155435096385161
2020-06-18,96125.0,0.6049378839733333
2020-06-19,96572.0,0.46501950585176033
2020-06-22,95336.0,-1.2798740835853084
2020-06-23,95975.0,0.6702609717210706
2020-06-24,94377.0,-1.66501693149258
2020-06-25,95983.0,1.7016857920891804
2020-06-26,93834.0,-2.238938145296565
2020-06-29,95735.0,2.0259181107061375
2020-06-30,95056.0,-0.7092494907818492
2020-07-01,96203.0,1.2066571284295557
2020-07-02,96235.0,0.03326299595647342
2020-07-03,96765.0,0.5507351795084992
2020-07-06,98937.0,2.2446132382576423
2020-07-07,97761.0,-1.1886351920919358
2020-07-08,99770.0,2.055011712236987
2020-07-09,99160.0,-0.6114062343389848
2020-07-10,100032.0,0.8793868495361012
2020-07-13,98697.0,-1.334572936660272
2020-07-14,100440.0,1.7660111249582
2020-07-15,101791.0,1.3450816407805766
2020-07-16,100553.0,-1.2162175437907097
2020-07-17,102888.0,2.322158463695767
2020-07-20,104426.0,1.494829328979086
2020-07-21,104310.0,-0.11108344665121672
2020-07-22,104290.0,-0.01917361710286336
2020-07-23,102293.0,-1.9148528142679089
2020-07-24,102382.0,0.0870049759025493
2020-07-27,104477.0,2.0462581313121397
2020-07-28,104109.0,-0.35223063449371095
2020-07-29,105605.0,1.4369554985639965
2020-07-30,105009.0,-0.5643672174612924
2020-07-31,102912.0,-1.9969716881410138
2020-08-03,102830.0,-0.07967972636815368
2020-08-04,101216.0,-1.5695808616162599
2020-08-05,102802.0,1.5669459374012096
2020-08-06,104126.0,1.287912686523618
2020-08-07,102776.0,-1.2965061560033075
2020-08-10,103444.0,0.6499571884486688
2020-08-11,102174.0,-1.2277174123197065
2020-08-12,102118.0,-0.05480846399279482
2020-08-13,100461.0,-1.622632640670596
2020-08-14,101353.0,0.8879067498830384
2020-08-17,99595.0,-1.7345317849496333
2020-08-18,102065.0,2.4800441789246452
2020-08-19,100854.0,-1.1864987997844523
2020-08-20,101468.0,0.6088008408194012
2020-08-21,101521.0,0.05223321638347933
2020-08-24,102298.0,0.7653588912638787
2020-08-25,102118.0,-0.17595651918903554
2020-08-26,100627.0,-1.4600755988170566
2020-08-27,100624.0,-0.0029813072038309407
2020-08-28,102143.0,1.5095802194307506
2020-08-31,99369.0,-2.71580039748196
2020-09-01,102168.0,2.8167738429490052
2020-09-02,101911.0,-0.2515464724767047
2020-09-03,100721.0,-1.167685529530671
2020-09-04,101242.0,0.5172704798403593
2020-09-08,100050.0,-1.1773769779340637
2020-09-09,101292.0,1.2413793103448256
2020-09-10,98835.0,-2.4256604667693416
2020-09-11,98363.0,-0.4775636161278851
2020-09-14,100275.0,1.9438203389485986
2020-09-15,100298.0,0.022936923460492586
2020-09-16,99676.0,-0.620151947197356
2020-09-17,100098.0,0.42337172438702275
2020-09-18,98290.0,-1.806229894703193
2020-09-21,96991.0,-1.3215993488655986
2020-09-22,97294.0,0.3124001195987214
2020-09-23,95735.0,-1.6023598577507348
2020-09-24,97012.0,1.3338904266986917
2020-09-25,96999.0,-0.01340040407372678
2020-09-28,94666.0,-2.405179434839533
2020-09-29,93580.0,-1.1471911774026622
2020-09-30,94603.0,1.0931823039110888
2020-10-01,95479.0,0.925974863376422
2020-10-02,94016.0,-1.5322741126320927
2020-10-05,96089.0,2.204943839346485
2020-10-06,95615.0,-0.4932926765810808
2020-10-07,95526.0,-0.09308162945144138
2020-10-08,97920.0,2.506123987186726
2020-10-09,97483.0,-0.4462826797385633
2020-10-13,98503.0,1.0463362842752177
2020-10-14,99334.0,0.8436291280468522
2020-10-15,99054.0,-0.28187730283689705
2020-10-16,98309.0,-0.7521150079754513
2020-10-19,98658.0,0.35500310246263656
2020-10-20,100540.0,1.9075999918911846
2020-10-21,100552.0,0.011935548040575839
2020-10-22,101918.0,1.3585010740711168
2020-10-23,101260.0,-0.6456170646990667
2020-10-26,101017.0,-0.23997629863716785
2020-10-27,99606.0,-1.3967945989288966
2020-10-28,95369.0,-4.253759813665847
2020-10-29,96582.0,1.2719017710157487
2020-10-30,93952.0,-2.723074693006977
2020-11-03,95587.0,1.7402503405994585
2020-11-04,97811.0,2.3266762216619385
2020-11-05,100774.0,3.029311631616083
2020-11-06,100799.0,0.024807986186914377
2020-11-09,103913.0,3.089316362265504
2020-11-10,105351.0,1.3838499514016611
2020-11-11,104532.0,-0.777401258649657
2020-11-12,102175.0,-2.2548119236214803
2020-11-13,104512.0,2.287252263273798
2020-11-16,106430.0,1.8351959583588595
2020-11-17,107229.0,0.7507281781452546
2020-11-18,106483.0,-0.6957073179830076
2020-11-19,106517.0,0.031929979433331646
2020-11-23,107379.0,0.8092604936301262
2020-11-24,109786.0,2.2415928626640325
2020-11-25,110133.0,0.3160694441914247
2020-11-26,110227.0,0.08535134791569643
2020-11-27,110575.0,0.31571212134957616
2020-11-30,108888.0,-1.5256613158489696
2020-12-01,111335.0,2.2472632429652473
2020-12-02,111814.0,0.43023308034311203
2020-12-03,112919.0,0.9882483409948684
2020-12-04,113682.0,0.6757055942755441
2020-12-07,113625.0,-0.05013986383068936
2020-12-08,113571.0,-0.04752475247524757
2020-12-09,112722.0,-0.7475499907546812
2020-12-10,114992.0,2.013803871471409
2020-12-11,115323.0,0.2878461110338071
2020-12-14,114975.0,-0.30176114044899727
2020-12-15,116146.0,1.0184822787562497
2020-12-16,117947.0,1.550634546174634
2020-12-17,118157.0,0.17804607154061625
2020-12-18,117679.0,-0.4045464932251108
2020-12-21,116016.0,-1.413166325342674
2020-12-22,116348.0,0.2861674251827262
2020-12-23,117857.0,1.296971155499027
2020-12-28,119051.0,1.013092137081384
2020-12-29,119475.0,0.35614988534324876
2020-12-30,119306.0,-0.14145218664992631
2021-01-04,118558.0,-0.6269592476489061
2021-01-05,119223.0,0.5609068978896348
2021-01-06,119851.0,0.5267440007381108
2021-01-07,121956.0,1.7563474647687594
2021-01-08,125077.0,2.5591196825084372
2021-01-11,122807.0,-1.814882032667875
2021-01-12,123998.0,0.9698144242592077
2021-01-13,122040.0,-1.5790577267375316
2021-01-14,123481.0,1.1807604064241195
2021-01-15,120502.0,-2.412516905434847
2021-01-18,121242.0,0.6140976913246332
2021-01-19,120673.0,-0.4693093152537853
2021-01-20,119708.0,-0.7996817846577131
2021-01-21,118443.0,-1.0567380626190448
2021-01-22,117172.0,-1.073090009540456
2021-01-26,116464.0,-0.604239920800187
2021-01-27,115882.0,-0.4997252369831062
2021-01-28,119314.0,2.961633385685447
2021-01-29,116007.0,-2.771678093098884
2021-02-01,117365.0,1.1706190143698114
2021-02-02,118234.0,0.7404251693434949
2021-02-03,119725.0,1.2610585787506068
2021-02-04,119261.0,-0.3875548131133888
2021-02-05,119925.0,0.5567620596842238
2021-02-08,119516.0,-0.3410464873879526
2021-02-09,119429.0,-0.07279360085679087
2021-02-10,118430.0,-0.8364802518651238
2021-02-11,119235.0,0.6797264206704456
2021-02-12,119116.0,-0.09980291021931542
2021-02-17,120391.0,1.070385170757926
2021-02-18,119140.0,-1.039114219501458
2021-02-19,118748.0,-0.3290246768507643
2021-02-22,112668.0,-5.120086233031296
2021-02-23,115227.0,2.2712748961550844
2021-02-24,115668.0,0.3827227993439042
2021-02-25,112256.0,-2.949821904070271
2021-02-26,110035.0,-1.9785133979475455
2021-03-01,110335.0,0.2726405234698026
2021-03-02,111540.0,1.0921285176961115
2021-03-03,111184.0,-0.3191680114757012
2021-03-04,112690.0,1.354511440495032
2021-03-05,115202.0,2.2291241458869404
2021-03-08,110612.0,-3.9843058280238153
2021-03-09,111331.0,0.6500198893429232
2021-03-10,112776.0,1.297931393771723
2021-03-11,114984.0,1.9578633751862196
2021-03-12,114160.0,-0.7166214429833673
2021-03-15,114851.0,0.6052908199018825
2021-03-16,114019.0,-0.7244168531401529
2021-03-17,116549.0,2.2189284242100094
2021-03-18,114835.0,-1.470626088597926
2021-03-19,116222.0,1.2078199155309832
2021-03-22,114979.0,-1.06950491301131
2021-03-23,113262.0,-1.4933161707790132
2021-03-24,112064.0,-1.0577245678162095
2021-03-25,113750.0,1.504497430039975
2021-03-26,114781.0,0.9063736263736244
2021-03-29,115419.0,0.5558411235308869
2021-03-30,116850.0,1.2398305305019175
2021-03-31,116634.0,-0.1848523748395392
2021-04-01,115253.0,-1.1840458185434777
2021-04-05,117518.0,1.9652416856827948
2021-04-06,117499.0,-0.016167736006400535
2021-04-07,117624.0,0.10638388411816635
2021-04-08,118313.0,0.5857648099027335
2021-04-09,117670.0,-0.5434736673062157
2021-04-12,118812.0,0.9705107504036636
2021-04-13,119297.0,0.4082079251254145
2021-04-14,120295.0,0.8365675582789223
2021-04-15,120701.0,0.3375036368926443
2021-04-16,121114.0,0.34216783622340596
2021-04-19,120934.0,-0.1486203081394355
2021-04-20,120062.0,-0.7210544594572266
2021-04-22,119371.0,-0.5755359730805765
2021-04-23,120530.0,0.9709225858876902
2021-04-26,120595.0,0.053928482535470224
2021-04-27,119388.0,-1.00087068286413
2021-04-28,121053.0,1.394612523871741
2021-04-29,120066.0,-0.8153453446011261
2021-04-30,118894.0,-0.976129795279268
2021-05-03,119209.0,0.26494188100325555
2021-05-04,117712.0,-1.255777667793534
2021-05-05,119564.0,1.5733315210004095
2021-05-06,119921.0,0.2985848583185513
2021-05-07,122038.0,1.7653288414873014
2021-05-10,121909.0,-0.10570478047821075
2021-05-11,122964.0,0.8653996013419762
2021-05-12,119710.0,-2.6463029829868923
2021-05-13,120706.0,0.8320106925068904
2021-05-14,121881.0,0.9734395970374399
2021-05-17,122938.0,0.8672393564214342
2021-05-18,122980.0,0.03416356212073701
2021-05-19,122636.0,-0.2797202797202747
2021-05-20,122701.0,0.05300238103003174
2021-05-21,122592.0,-0.08883383183511118
2021-05-24,124032.0,1.1746280344557603
2021-05-25,122988.0,-0.8417182662538658
2021-05-26,123989.0,0.8139005431424096
2021-05-27,124367.0,0.3048657542201294
2021-05-28,125561.0,0.9600617527157462
2021-05-31,126216.0,0.5216587953265739
2021-06-01,128267.0,1.6249920770742277
2021-06-02,129601.0,1.0400180872710774
2021-06-04,130126.0,0.4050894669022531
2021-06-07,130776.0,0.4995158538647182
2021-06-08,129787.0,-0.7562549703309496
2021-06-09,129907.0,0.09245918312312806
2021-06-10,130076.0,0.13009306657840725
2021-06-11,129441.0,-0.488176143177832
2021-06-14,130208.0,0.5925479562117086
2021-06-15,130091.0,-0.08985623003194831
2021-06-16,129259.0,-0.6395523133806313
2021-06-17,128057.0,-0.929915905275458
2021-06-18,128405.0,0.27175398455374644
2021-06-21,129265.0,0.6697558506288726
2021-06-22,128767.0,-0.3852550961203738
2021-06-23,128428.0,-0.2632662095102045
2021-06-24,129514.0,0.8456099915906234
2021-06-25,127256.0,-1.7434408635359833
2021-06-28,127429.0,0.1359464386748055
2021-06-29,127327.0,-0.0800445738411204
2021-06-30,126802.0,-0.4123241731918581
2021-07-01,125666.0,-0.8958849229507404
2021-07-02,127622.0,1.5565069310712554
2021-07-05,126920.0,-0.5500619015530228
2021-07-06,125095.0,-1.437913646391431
2021-07-07,127019.0,1.5380310963667654
2021-07-08,125428.0,-1.25256851337201
2021-07-12,127594.0,1.7268871384379825
2021-07-13,128168.0,0.4498644136871732
2021-07-14,128407.0,0.18647400287123972
2021-07-15,127468.0,-0.7312685445497569
2021-07-16,125960.0,-1.1830420183889245
2021-07-19,124395.0,-1.2424579231502086
2021-07-20,125401.0,0.8087141766148109
2021-07-21,125929.0,0.4210492739292304
2021-07-22,126147.0,0.17311342105472693
2021-07-23,125053.0,-0.8672421857039758
2021-07-26,126004.0,0.7604775575156042
2021-07-27,124612.0,-1.1047268340687588
2021-07-28,126286.0,1.3433698199210253
2021-07-29,125675.0,-0.4838224347908704
2021-07-30,121801.0,-3.0825542072806855
2021-08-02,122516.0,0.5870230950484778
2021-08-03,123577.0,0.8660093375559175
2021-08-04,121801.0,-1.4371606366880618
2021-08-05,121633.0,-0.13792990205334643
2021-08-06,122810.0,0.9676650251165375
2021-08-09,123019.0,0.1701815813044627
2021-08-10,122202.0,-0.6641250538534704
2021-08-11,122056.0,-0.11947431302270495
2021-08-12,120701.0,-1.110146162417247
2021-08-13,121194.0,0.4084473202376149
2021-08-16,119180.0,-1.661798438866613
2021-08-17,117904.0,-1.070649437825133
2021-08-18,116643.0,-1.0695141810286302
2021-08-19,117165.0,0.44751935392608466
2021-08-20,118053.0,0.7579055178594363
2021-08-23,117472.0,-0.49215183011021013
2021-08-24,120211.0,2.331619449741207
2021-08-25,120818.0,0.504945470880358
2021-08-26,118724.0,-1.7331854524987977
2021-08-27,120678.0,1.6458340352413892
2021-08-30,119740.0,-0.7772750625631875
2021-08-31,118781.0,-0.8009019542341789
2021-09-01,119396.0,0.5177595743427021
2021-09-02,116677.0,-2.2772957217997214
2021-09-03,116933.0,0.21940913804776585
2021-09-06,117869.0,0.8004583821504596
2021-09-08,113413.0,-3.7804681468409873
2021-09-09,115361.0,1.7176161462971518
2021-09-10,114286.0,-0.9318573868118296
2021-09-13,116404.0,1.85324536688658
2021-09-14,116181.0,-0.19157417270884158
2021-09-15,115063.0,-0.9622915967326895
2021-09-16,113794.0,-1.1028740776791834
2021-09-17,111439.0,-2.069529149164284
2021-09-20,108844.0,-2.3286282181283036
2021-09-21,110250.0,1.2917570100327014
2021-09-22,112282.0,1.8430839002267607
2021-09-23,114064.0,1.587075399440696
2021-09-24,113283.0,-0.6847033244494316
2021-09-27,113583.0,0.2648234951404982
2021-09-28,110124.0,-3.045350096405275
2021-09-29,111107.0,0.8926301260397285
2021-09-30,110979.0,-0.11520426255771099
2021-10-01,112900.0,1.730958109191838
2021-10-04,110393.0,-2.2205491585473913
2021-10-05,110458.0,0.05888054496208106
2021-10-06,110560.0,0.09234279092504849
2021-10-07,110585.0,0.022612156295220842
2021-10-08,112833.0,2.032825428403484
2021-10-11,112180.0,-0.5787313995019194
2021-10-13,113456.0,1.137457657336416
2021-10-14,113185.0,-0.23885911719080388
2021-10-15,114648.0,1.2925741043424477
2021-10-18,114428.0,-0.19189170330053962
2021-10-19,110673.0,-3.281539483343243
2021-10-20,110786.0,0.10210259051439685
2021-10-21,107735.0,-2.7539580813460196
2021-10-22,106296.0,-1.3356847821042406
2021-10-25,108715.0,2.2757206291864174
2021-10-26,106420.0,-2.111024237685688
2021-10-27,106363.0,-0.05356136064649242
2021-10-28,105705.0,-0.6186361798745765
2021-10-29,103501.0,-2.0850480109739333
2021-11-01,105551.0,1.9806571917179605
2021-11-03,105617.0,0.0625290144101065
2021-11-04,103412.0,-2.0877320885842265
2021-11-05,104824.0,1.3654121378563477
2021-11-08,104781.0,-0.04102114019690628
2021-11-09,105535.0,0.7195961099817794
2021-11-10,105968.0,0.4102904249774886
2021-11-11,107725.0,1.6580477125169857
2021-11-12,106312.0,-1.3116732420515254
2021-11-16,104508.0,-1.6968921664534564
2021-11-17,102945.0,-1.4955792857963002
2021-11-18,102524.0,-0.4089562387682766
2021-11-19,103035.0,0.4984198821739394
2021-11-22,102122.0,-0.8861066627844916
2021-11-23,103663.0,1.5089794559448588
2021-11-24,104514.0,0.820929357630007
2021-11-25,105811.0,1.2409820693878304
2021-11-26,102224.0,-3.390006710077398
2021-11-29,102814.0,0.5771638754108688
2021-11-30,101915.0,-0.8743945377088669
2021-12-01,100775.0,-1.1185792081636614
2021-12-02,104466.0,3.6626147357975647
2021-12-03,105070.0,0.5781785461298483
2021-12-06,106859.0,1.7026744075378408
2021-12-07,107558.0,0.6541330164048009
2021-12-08,108096.0,0.5001952434965373
2021-12-09,106291.0,-1.6698120189461263
2021-12-10,107758.0,1.3801732978333092
2021-12-13,107383.0,-0.3480020044915433
2021-12-14,106760.0,-0.5801663205535323
2021-12-15,107370.0,0.5713750468340217
2021-12-16,108212.0,0.7842041538604905
2021-12-17,107201.0,-0.9342771596495769
2021-12-20,105020.0,-2.034495946866166
2021-12-21,105500.0,0.457055798895456
2021-12-22,105244.0,-0.2426540284360179
2021-12-23,104891.0,-0.33541104481015216
2021-12-27,105531.0,0.6101572108188513
2021-12-28,104864.0,-0.6320417697169511
2021-12-29,104107.0,-0.7218873970094575
2021-12-30,104822.0,0.6867933952568128
2022-01-03,103922.0,-0.8585983858350299
2022-01-04,103514.0,-0.3926021439156324
2022-01-05,101006.0,-2.4228606758506133
2022-01-06,101561.0,0.549472308575738
2022-01-07,102719.0,1.1402014552830408
2022-01-10,101945.0,-0.7535120084891767
2022-01-11,103779.0,1.7990092697042437
2022-01-12,105686.0,1.8375586583027292
2022-01-13,105530.0,-0.1476070624302217
2022-01-14,106928.0,1.324741779588745
2022-01-17,106692.0,-0.22070926230735033
2022-01-18,106522.0,-0.15933715742511012
2022-01-19,108013.0,1.3997108578509554
2022-01-20,109102.0,1.008211974484552
2022-01-21,108942.0,-0.1466517570713699
2022-01-24,107752.0,-1.0923243560793772
2022-01-25,109845.0,1.9424233424901516
2022-01-26,111573.0,1.5731257681278255
2022-01-27,112315.0,0.6650354476441356
2022-01-28,111478.0,-0.7452254819035775
2022-01-31,112388.0,0.8163045623351683
2022-02-01,113147.0,0.6753390041641438
2022-02-02,112161.0,-0.871432737942679
2022-02-03,111696.0,-0.41458260892823784
2022-02-04,112245.0,0.49151267726685877
2022-02-07,111996.0,-0.22183616196712608
2022-02-08,112234.0,0.2125075895567763
2022-02-09,112461.0,0.20225600085534978
2022-02-10,113359.0,0.7984990352210897
2022-02-11,113572.0,0.18789862295891524
2022-02-14,113807.0,0.20691719790089103
2022-02-15,114660.0,0.7495145289832861
2022-02-16,115181.0,0.4543868829583131
2022-02-17,113528.0,-1.4351325305388962
2022-02-18,112768.0,-0.6694383764357714
2022-02-21,111725.0,-0.9249077752553903
2022-02-22,112892.0,1.0445289773998612
2022-02-23,112008.0,-0.7830492860433025
2022-02-24,111592.0,-0.371402042711233
2022-02-25,113142.0,1.3889884579539657
2022-03-02,115174.0,1.7959732018171914
2022-03-03,115166.0,-0.006946012120789824
2022-03-04,114474.0,-0.6008717850754519
2022-03-07,111593.0,-2.5167286894840712
2022-03-08,111203.0,-0.3494842866488046
2022-03-09,113900.0,2.425294281629098
2022-03-10,113663.0,-0.2080772607550463
2022-03-11,111713.0,-1.7155978638607072
2022-03-14,109928.0,-1.5978444764709554
2022-03-15,108959.0,-0.8814860636052635
2022-03-16,111112.0,1.9759726135518907
2022-03-17,113076.0,1.7675858593131144
2022-03-18,115311.0,1.9765467473203957
2022-03-21,116155.0,0.7319336403291965
2022-03-22,117272.0,0.9616460763634871
2022-03-23,117457.0,0.15775291629716026
2022-03-24,119053.0,1.3587951335382265
2022-03-25,119081.0,0.023518936944055824
2022-03-28,118738.0,-0.28803923379884244
2022-03-29,120014.0,1.0746349104751696
2022-03-30,120260.0,0.20497608612328744
2022-03-31,119999.0,-0.21702976883418712
2022-04-01,121570.0,1.3091775764798141
2022-04-04,121280.0,-0.23854569383894297
2022-04-05,118885.0,-1.9747691292876013
2022-04-06,118228.0,-0.5526348992724084
2022-04-07,118862.0,0.5362519876848104
2022-04-08,118322.0,-0.45430835759115995
2022-04-11,116953.0,-1.1570122208887645
2022-04-12,116147.0,-0.6891657332432688
2022-04-13,116782.0,0.5467209656728089
2022-04-14,116182.0,-0.5137778082238698
2022-04-18,115687.0,-0.4260556712743835
2022-04-19,115057.0,-0.5445728560685259
2022-04-20,114344.0,-0.6196928478927832
2022-04-22,111078.0,-2.856293290421885
2022-04-25,110685.0,-0.3538054340193386
2022-04-26,108213.0,-2.2333649546008916
2022-04-27,109349.0,1.0497814495485702
2022-04-28,109919.0,0.521266769700679
2022-04-29,107876.0,-1.8586413631856202
2022-05-02,106639.0,-1.146686936853425
2022-05-03,106528.0,-0.10408949821359981
2022-05-04,108344.0,1.7047161309702519
2022-05-05,105304.0,-2.805877575131066
2022-05-06,105135.0,-0.1604877307604613
2022-05-09,103250.0,-1.7929328958006363
2022-05-10,103110.0,-0.1355932203389809
2022-05-11,104397.0,1.2481815536805385
2022-05-12,105688.0,1.2366255735318132
2022-05-13,106924.0,1.1694799788055432
2022-05-16,108233.0,1.2242340353896264
2022-05-17,108789.0,0.5137065405190544
2022-05-18,106247.0,-2.3366332993225436
2022-05-19,107005.0,0.7134319086656626
2022-05-20,108488.0,1.3859165459557898
2022-05-23,110346.0,1.7126318118132922
2022-05-24,110581.0,0.21296648723108103
2022-05-25,110580.0,-0.0009043144844067541
2022-05-26,111890.0,1.1846626876469424
2022-05-27,111942.0,0.04647421574761612
2022-05-30,111032.0,-0.8129209769344836
2022-05-31,111351.0,0.2873045608473124
2022-06-01,111360.0,0.008082549775045855
2022-06-02,112393.0,0.9276221264367779
2022-06-03,111102.0,-1.148648047476264
2022-06-06,110186.0,-0.8244676063437151
2022-06-07,110070.0,-0.10527653240883783
2022-06-08,108368.0,-1.5462887253565927
2022-06-09,107094.0,-1.1756238003838737
2022-06-10,105481.0,-1.5061534726501957
2022-06-13,102598.0,-2.733193655729471
2022-06-14,102063.0,-0.5214526598959046
2022-06-15,102807.0,0.7289615237647373
2022-06-17,99825.0,-2.900580699757793
2022-06-20,99853.0,0.028049085900327952
2022-06-21,99685.0,-0.1682473235656401
2022-06-22,99522.0,-0.1635150724783041
2022-06-23,98080.0,-1.4489258656377513
2022-06-24,98672.0,0.6035889070146849
2022-06-27,100764.0,2.1201556672612254
2022-06-28,100591.0,-0.1716883013774706
2022-06-29,99622.0,-0.9633068564782188
2022-06-30,98542.0,-1.0840978900242937
2022-07-01,98954.0,0.4180958373079413
2022-07-04,98609.0,-0.34864684600925955
2022-07-05,98295.0,-0.3184293522903614
2022-07-06,98719.0,0.43135459585941227
2022-07-07,100730.0,2.037095189375915
2022-07-08,100289.0,-0.43780403057679385
2022-07-11,98212.0,-2.0710147673224433
2022-07-12,98271.0,0.0600741253614645
2022-07-13,97881.0,-0.39686173947552916
2022-07-14,96121.0,-1.798101776647154
2022-07-15,96551.0,0.4473528157218576
2022-07-18,96916.0,0.37803854957483285
2022-07-19,98245.0,1.3712906021709603
2022-07-20,98287.0,0.042750267189162194
2022-07-21,99033.0,0.7590016991056769
2022-07-22,98925.0,-0.10905455757171945
2022-07-25,100270.0,1.3596158706090433
2022-07-26,99772.0,-0.49665902064426337
2022-07-27,101438.0,1.6698071603255427
2022-07-28,102597.0,1.1425698456199784
2022-07-29,103165.0,0.5536224256069922
2022-08-01,102225.0,-0.9111617312072884
2022-08-02,103362.0,1.1122523844460774
2022-08-03,103775.0,0.3995665718542707
2022-08-04,105892.0,2.039990363767763
2022-08-05,106472.0,0.5477278736826241
2022-08-08,108402.0,1.8126831467428106
2022-08-09,108651.0,0.22970055903026587
2022-08-10,110236.0,1.458799274742062
2022-08-11,109718.0,-0.46990093980188163
2022-08-12,112764.0,2.776208097121713
2022-08-15,113032.0,0.23766450285551688
2022-08-16,113512.0,0.4246585037865458
2022-08-17,113708.0,0.17266896891958705
2022-08-18,113813.0,0.09234178773700474
2022-08-19,111496.0,-2.0357955593824917
2022-08-22,110501.0,-0.8924086962761035
2022-08-23,112857.0,2.1321074017429664
2022-08-24,112898.0,0.03632915991031993
2022-08-25,113532.0,0.5615688497581983
2022-08-26,112299.0,-1.0860374167635523
2022-08-29,112323.0,0.02137151711056884
2022-08-30,110431.0,-1.684427944410316
2022-08-31,109523.0,-0.8222328875044149
2022-09-01,110405.0,0.8053103001196105
2022-09-02,110864.0,0.4157420406684542
2022-09-05,112203.0,1.2077861163227066
2022-09-06,109764.0,-2.1737386700890315
2022-09-08,109916.0,0.1384789184067703
2022-09-09,112300.0,2.168929000327524
2022-09-12,113407.0,0.9857524487978608
2022-09-13,110794.0,-2.3040905764194486
2022-09-14,110547.0,-0.22293626008628165
2022-09-15,109954.0,-0.536423421712029
2022-09-16,109280.0,-0.6129836113283771
2022-09-19,111824.0,2.327964860907761
2022-09-20,112517.0,0.6197238517670733
2022-09-21,111936.0,-0.5163664157416203
2022-09-22,114070.0,1.906446540880502
2022-09-23,111716.0,-2.0636451301832226
2022-09-26,109114.0,-2.3291202692541813
2022-09-27,108376.0,-0.6763568378026608
2022-09-28,108451.0,0.06920351369306132
2022-09-29,107664.0,-0.7256733455662023
2022-09-30,110037.0,2.204079358002664
2022-10-03,116134.0,5.540863527722495
2022-10-04,116230.0,0.08266313052163188
2022-10-05,117198.0,0.8328314548739613
2022-10-06,117561.0,0.3097322479905795
2022-10-07,116375.0,-1.0088379649713763
2022-10-10,115941.0,-0.37293233082706934
2022-10-11,114827.0,-0.9608335273975532
2022-10-13,114300.0,-0.45895129194353235
2022-10-14,112072.0,-1.9492563429571286
2022-10-17,113624.0,1.3848240416874935
2022-10-18,115743.0,1.8649229036119097
2022-10-19,116274.0,0.45877504471112385
2022-10-20,117171.0,0.771453635378494
2022-10-21,119929.0,2.353824751858391
2022-10-24,116013.0,-3.265265281958496
2022-10-25,114626.0,-1.1955556704852044
2022-10-26,112764.0,-1.624413309371342
2022-10-27,114641.0,1.66453832783513
2022-10-28,114539.0,-0.08897340393052566
2022-10-31,116037.0,1.3078514741703628
2022-11-01,116929.0,0.7687203219662653
2022-11-03,116896.0,-0.028222254530529955
2022-11-04,118155.0,1.0770257322748389
2022-11-07,115342.0,-2.3807710211163347
2022-11-08,116160.0,0.7091952627837239
2022-11-09,113580.0,-2.221074380165289
2022-11-10,109775.0,-3.350061630568757
2022-11-11,112253.0,2.2573445684354265
2022-11-14,113161.0,0.808887067606201
2022-11-16,110243.0,-2.5786269120986915
2022-11-17,109703.0,-0.48982701849550336
2022-11-18,108880.0,-0.7502073781026963
2022-11-21,109748.0,0.7972079353416595
2022-11-22,109037.0,-0.6478477967707841
2022-11-23,108683.0,-0.32466043636564246
2022-11-24,111831.0,2.896497152268518
2022-11-25,108977.0,-2.5520651697650942
2022-11-28,108782.0,-0.17893683988364772
2022-11-29,110910.0,1.9562059899615791
2022-11-30,112486.0,1.4209719592462422
2022-12-01,110926.0,-1.3868392511068084
2022-12-02,111924.0,0.8996988983646759
2022-12-05,109401.0,-2.254208212715769
2022-12-06,109533.0,0.12065703238544057
2022-12-07,109361.0,-0.15703030137036444
2022-12-08,107245.0,-1.9348762355867244
2022-12-09,107689.0,0.4140053149330969
2022-12-12,105264.0,-2.2518548783998393
2022-12-13,103892.0,-1.3033895728834177
2022-12-14,103803.0,-0.08566588380241047
2022-12-15,103738.0,-0.06261861410556957
2022-12-16,102825.0,-0.8801017949063961
2022-12-19,104530.0,1.6581570629710773
2022-12-20,106979.0,2.342868076150384
2022-12-21,107313.0,0.3122108077286301
2022-12-22,107317.0,0.0037274141995835564
2022-12-23,109698.0,2.2186606036322276
2022-12-26,108738.0,-0.87512990209484
2022-12-27,108347.0,-0.3595799076679729
2022-12-28,110237.0,1.744395322436243
2022-12-29,110031.0,-0.18687010713281937
2023-01-02,106376.0,-3.3217911315901905
2023-01-03,104166.0,-2.077536286380388
2023-01-04,105334.0,1.1212871762379173
2023-01-05,107518.0,2.073404598705064
2023-01-06,108836.0,1.225841254487614
2023-01-09,109227.0,0.3592561284869067
2023-01-10,110912.0,1.542658866397506
2023-01-11,111763.0,0.7672749567224413
2023-01-12,111877.0,0.10200155686586054
2023-01-13,110916.0,-0.8589790573576339
2023-01-16,109213.0,-1.5353961556493156
2023-01-17,111439.0,2.0382188933551815
2023-01-18,112452.0,0.9090174893888081
2023-01-19,113006.0,0.49265464375911616
2023-01-20,112301.0,-0.6238606799638946
2023-01-23,111709.0,-0.5271547003143362
2023-01-24,113028.0,1.1807464036022175
2023-01-25,114195.0,1.0324875252149868
2023-01-26,114109.0,-0.0753097771356015
2023-01-27,112502.0,-1.4083025878765087
2023-01-30,111888.0,-0.5457680752342209
2023-01-31,113532.0,1.4693264693264707
2023-02-01,112303.0,-1.0825141810238526
2023-02-02,109935.0,-2.108581248942598
2023-02-03,108490.0,-1.3144130622640637
2023-02-06,108456.0,-0.0313392939441437
2023-02-07,107920.0,-0.49420963339972257
2023-02-08,109882.0,1.8180133432172063
2023-02-09,107783.0,-1.9102309750459567
2023-02-10,108150.0,0.3404989655140467
2023-02-13,108846.0,0.643550624133149
2023-02-14,107659.0,-1.090531576723075
2023-02-15,109442.0,1.6561550822504323
2023-02-16,109905.0,0.42305513422635777
2023-02-17,109303.0,-0.5477457804467512
2023-02-22,107152.0,-1.9679240277028054
2023-02-23,107720.0,0.5300880991488732
2023-02-24,105873.0,-1.7146305235796522
2023-02-27,105711.0,-0.15301351619393389
2023-02-28,104932.0,-0.7369147960004208
2023-03-01,104385.0,-0.521289978271644
2023-03-02,103326.0,-1.0145135795372906
2023-03-03,103866.0,0.5226177341617788
2023-03-06,104700.0,0.802957656981107
2023-03-07,104228.0,-0.45081184336198676
2023-03-08,106540.0,2.218213915646472
2023-03-09,105071.0,-1.3788248545147375
2023-03-10,103618.0,-1.3828744372852642
2023-03-13,103121.0,-0.4796463934837569
2023-03-14,102932.0,-0.18327983630880285
2023-03-15,102675.0,-0.24967939999223088
2023-03-16,103435.0,0.7401996591185789
2023-03-17,101982.0,-1.404746942524293
2023-03-20,100923.0,-1.0384185444490157
2023-03-21,100998.0,0.07431408103206749
2023-03-22,100221.0,-0.7693221647953385
2023-03-23,97926.0,-2.2899392342922154
2023-03-24,98829.0,0.9221248697996343
2023-03-27,99670.0,0.8509647977820167
2023-03-28,101185.0,1.5200160529748263
2023-03-29,101793.0,0.6008795770124031
2023-03-30,103713.0,1.8861807786390017
2023-03-31,101882.0,-1.7654488829751291
2023-04-03,101506.0,-0.36905439626234715
2023-04-04,101869.0,0.35761432821705963
2023-04-05,100978.0,-0.8746527402840876
2023-04-06,100822.0,-0.15448909663491328
2023-04-10,101847.0,1.0166431929539144
2023-04-11,106214.0,4.287804255402716
2023-04-12,106890.0,0.636450938670996
2023-04-13,106458.0,-0.4041538029750158
2023-04-14,106279.0,-0.16814142666591314
2023-04-17,106016.0,-0.24746186923099156
2023-04-18,106163.0,0.1386583157259258
2023-04-19,103913.0,-2.119382459048824
2023-04-20,104367.0,0.43690394849538183
2023-04-24,103947.0,-0.40242605421253463
2023-04-25,103220.0,-0.6993948839312369
2023-04-26,102312.0,-0.8796744816895963
2023-04-27,102923.0,0.5971929001485687
2023-04-28,104432.0,1.4661445935310935
2023-05-02,101927.0,-2.3986900566876024
2023-05-03,101797.0,-0.12754226063751428
2023-05-04,102174.0,0.37034490210909876
2023-05-05,105148.0,2.910720927046029
2023-05-08,106042.0,0.8502301517860467
2023-05-09,107114.0,1.0109202014296326
2023-05-10,107448.0,0.31181731613048047
2023-05-11,108256.0,0.7519916610825739
2023-05-12,108464.0,0.19213715637007578
2023-05-15,109029.0,0.5209101637409619
2023-05-16,108194.0,-0.7658512872721901
2023-05-17,109460.0,1.1701203393903459
2023-05-18,110108.0,0.5919970765576377
2023-05-19,110745.0,0.5785229047843954
2023-05-22,110213.0,-0.48038286152873866
2023-05-23,109929.0,-0.25768285048043404
2023-05-24,108800.0,-1.0270265353091501
2023-05-25,110054.0,1.15257352941176
2023-05-26,110906.0,0.7741654097079609
2023-05-29,110333.0,-0.5166537428092255
2023-05-30,108967.0,-1.2380702056501658
2023-05-31,108335.0,-0.5799921077023318
2023-06-01,110565.0,2.058429870309686
2023-06-02,112558.0,1.8025595803373484
2023-06-05,112696.0,0.12260345777288517
2023-06-06,114610.0,1.6983743877333701
2023-06-07,115488.0,0.7660762586161773
2023-06-09,117019.0,1.3256788584095291
2023-06-12,117336.0,0.27089617925293297
2023-06-13,116743.0,-0.5053862412217947
2023-06-14,119069.0,1.9924106798694607
2023-06-15,119221.0,0.12765707278972194
2023-06-16,118758.0,-0.3883544006508921
2023-06-19,119858.0,0.9262533892453462
2023-06-20,119622.0,-0.1968996646031118
2023-06-21,120420.0,0.6671013693133387
2023-06-22,118934.0,-1.2340142833416334
2023-06-23,118977.0,0.036154505860386266
2023-06-26,118243.0,-0.6169259604797528
2023-06-27,117523.0,-0.6089155383405376
2023-06-28,116681.0,-0.7164555023272068
2023-06-29,118383.0,1.4586779338538358
2023-06-30,118087.0,-0.2500359004248942
2023-07-03,119673.0,1.3430775614589274
2023-07-04,119076.0,-0.4988593918427764
2023-07-05,119549.0,0.3972253014881355
2023-07-06,117426.0,-1.775840868597811
2023-07-07,118898.0,1.2535554306541963
2023-07-10,117942.0,-0.8040505307069901
2023-07-11,117220.0,-0.6121653015889184
2023-07-12,117666.0,0.38048114656201726
2023-07-13,119264.0,1.3580813489028287
2023-07-14,117711.0,-1.3021532063321684
2023-07-17,118219.0,0.4315654441810812
2023-07-18,117841.0,-0.3197455569747709
2023-07-19,117552.0,-0.24524571244304294
2023-07-20,118083.0,0.45171498570846236
2023-07-21,120217.0,1.8072034077724952
2023-07-24,121342.0,0.9358077476563142
2023-07-25,122008.0,0.5488618944800683
2023-07-26,122560.0,0.45242934889515585
2023-07-27,119990.0,-2.0969321148825104
2023-07-28,120187.0,0.16418034836236384
2023-07-31,121943.0,1.4610565202559433
2023-08-01,121248.0,-0.5699384138490915
2023-08-02,120859.0,-0.32083003430984913
2023-08-03,120586.0,-0.2258830538064971
2023-08-04,119508.0,-0.893967790622463
2023-08-07,119380.0,-0.10710580044850371
2023-08-08,119090.0,-0.24292176243927432
2023-08-09,118409.0,-0.5718364262322639
2023-08-10,118350.0,-0.04982729353343318
2023-08-11,118065.0,-0.24081115335867764
2023-08-14,116810.0,-1.0629737856265642
2023-08-15,116171.0,-0.5470422052906376
2023-08-16,115592.0,-0.498403215948906
2023-08-17,114982.0,-0.5277181811890075
2023-08-18,115409.0,0.371362474126391
2023-08-21,114429.0,-0.8491538788136133
2023-08-22,116156.0,1.5092327993777799
2023-08-23,118135.0,1.7037432418471665
2023-08-24,117026.0,-0.9387565073856186
2023-08-25,115837.0,-1.0160135354536637
2023-08-28,117121.0,1.108454120876745
2023-08-29,118404.0,1.0954482970602974
2023-08-30,117535.0,-0.7339279078409477
2023-08-31,115742.0,-1.5255030416471693
2023-09-01,117893.0,1.8584437801316689
2023-09-04,117777.0,-0.09839430670184335
2023-09-05,117331.0,-0.37868174601153326
2023-09-06,115985.0,-1.1471819041855902
2023-09-08,115313.0,-0.5793852653360299
2023-09-11,116883.0,1.3615117116023256
2023-09-12,117968.0,0.9282787060564734
2023-09-13,118176.0,0.17631900176318105
2023-09-14,119392.0,1.0289737340915206
2023-09-15,118758.0,-0.53102385419459
2023-09-18,118288.0,-0.39576281176847417
2023-09-19,117846.0,-0.37366427701880367
2023-09-20,118695.0,0.7204317499108992
2023-09-21,116145.0,-2.1483634525464423
2023-09-22,116009.0,-0.11709501054716354
2023-09-25,115925.0,-0.07240817522778942
2023-09-26,114193.0,-1.4940694414492084
2023-09-27,114327.0,0.117345196290497
2023-09-28,115731.0,1.2280563646382747
2023-09-29,116565.0,0.7206366487803706
2023-10-02,115057.0,-1.2936987946639222
2023-10-03,113419.0,-1.4236421947382616
2023-10-04,113607.0,0.16575706010457658
2023-10-05,113284.0,-0.28431346659977264
2023-10-06,114170.0,0.7821051516542443
2023-10-09,115156.0,0.8636244197249621
2023-10-10,116737.0,1.3729202125811968
2023-10-11,117051.0,0.2689807002064448
2023-10-13,115754.0,-1.1080640062878566
2023-10-16,116534.0,0.6738428045683031
2023-10-17,115908.0,-0.5371822815658955
2023-10-18,114060.0,-1.5943679469924477
2023-10-19,114004.0,-0.049096966508854756
2023-10-20,113155.0,-0.7447107119048502
2023-10-23,112785.0,-0.326985108921396
2023-10-24,113762.0,0.8662499445848404
2023-10-25,112830.0,-0.8192542325205276
2023-10-26,114777.0,1.7256048923158795
2023-10-27,113301.0,-1.285971928173768
2023-10-30,112532.0,-0.6787230474576522
2023-10-31,113144.0,0.5438453062240001
2023-11-01,115053.0,1.6872304320158404
2023-11-03,118160.0,2.7004945546834858
2023-11-06,118487.0,0.2767433987813206
2023-11-07,119268.0,0.6591440411184424
2023-11-08,119099.0,-0.14169768923768533
2023-11-09,119012.0,-0.07304847227936895
2023-11-10,120636.0,1.3645682788290259
2023-11-13,120376.0,-0.21552438741337943
2023-11-14,123328.0,2.452316076294281
2023-11-16,124576.0,1.0119356512714006
2023-11-17,125062.0,0.39012329822758485
2023-11-20,126095.0,0.8259903088068343
2023-11-21,125607.0,-0.38700979420278614
2023-11-22,126035.0,0.3407453406259142
2023-11-23,126576.0,0.42924584440831026
2023-11-24,125542.0,-0.8169005182657063
2023-11-27,125683.0,0.11231301078522549
2023-11-28,126538.0,0.6802829340483596
2023-11-29,126101.0,-0.3453508037111419
2023-11-30,127331.0,0.975408601042016
2023-12-01,128103.0,0.6062938326095058
2023-12-04,126803.0,-1.0148083963685495
2023-12-05,126903.0,0.07886248748059099
2023-12-06,125623.0,-1.0086443976895731
2023-12-07,126010.0,0.30806460600367735
2023-12-08,127094.0,0.8602491865725037
2023-12-11,126916.0,-0.14005381843360531
2023-12-12,126403.0,-0.4042043556367947
2023-12-13,129465.0,2.4224108605017225
2023-12-14,130842.0,1.0636079249217945
2023-12-15,130197.0,-0.4929609758334452
2023-12-18,131084.0,0.6812752982019665
2023-12-19,131851.0,0.5851209911202027
2023-12-20,130804.0,-0.7940781639881433
2023-12-21,132182.0,1.0534846029173428
2023-12-22,132753.0,0.43198014858301104
2023-12-26,133533.0,0.5875573433368642
2023-12-27,134194.0,0.4950087244351531
2023-12-28,134185.0,-0.006706708198578326
2024-01-02,132697.0,-1.108916793978465
2024-01-03,132834.0,0.10324272590940264
2024-01-04,131226.0,-1.2105334477618634
2024-01-05,132023.0,0.6073491533689968
2024-01-08,132427.0,0.30600728660914456
2024-01-09,131447.0,-0.7400303563472654
2024-01-10,130841.0,-0.4610223131756519
2024-01-11,130649.0,-0.14674299340420305
2024-01-12,130988.0,0.259473857434811
2024-01-15,131521.0,0.40690750297738276
2024-01-16,129294.0,-1.6932657142205376
2024-01-17,128524.0,-0.5955419431682873
2024-01-18,127316.0,-0.9399022750614661
2024-01-19,127636.0,0.2513431147695533
2024-01-22,126602.0,-0.8101162681375174
2024-01-23,128263.0,1.311985592644671
2024-01-24,127816.0,-0.34850268588758615
2024-01-25,128169.0,0.27617825624335346
2024-01-26,128967.0,0.6226154530346584
2024-01-29,128503.0,-0.35978195972613536
2024-01-30,127402.0,-0.8567893356575373
2024-01-31,127752.0,0.2747209619943236
2024-02-01,128481.0,0.570636858914142
2024-02-02,127182.0,-1.0110444345856617
2024-02-05,127593.0,0.3231589375854993
2024-02-06,130416.0,2.2125038207425174
2024-02-07,129608.0,-0.6195558827137737
2024-02-08,128217.0,-1.0732362199864176
2024-02-09,128026.0,-0.1489662057293506
2024-02-14,127018.0,-0.7873400715479706
2024-02-15,127804.0,0.6188099324505147
2024-02-16,128726.0,0.7214171700416161
2024-02-19,129036.0,0.2408215900439714
2024-02-20,129916.0,0.6819802225735527
2024-02-21,130032.0,0.08928846331475171
2024-02-22,130241.0,0.1607296665436131
2024-02-23,129419.0,-0.6311376601838115
2024-02-26,129609.0,0.1468099738060058
2024-02-27,131689.0,1.6048268252976339
2024-02-28,130155.0,-1.164865706323226
2024-02-29,129020.0,-0.8720371864315624
2024-03-01,129180.0,0.1240117811192043
2024-03-04,128341.0,-0.6494813438612801
2024-03-05,128098.0,-0.18933933816940307
2024-03-06,128890.0,0.6182766319536626
2024-03-07,128340.0,-0.42672045930638447
2024-03-08,127071.0,-0.9887798036465667
2024-03-11,126124.0,-0.7452526540280613
2024-03-12,127668.0,1.2241920649519455
2024-03-13,128006.0,0.2647491932199042
2024-03-14,127690.0,-0.24686342827680008
2024-03-15,126742.0,-0.7424230558383593
2024-03-18,126954.0,0.1672689400514349
2024-03-19,127529.0,0.4529199552593788
2024-03-20,129125.0,1.2514800555167849
2024-03-21,128159.0,-0.7481122942884832
2024-03-22,127027.0,-0.8832778033536437
2024-03-25,126931.0,-0.07557448416478652
2024-03-26,126863.0,-0.0535724133584381
2024-03-27,127691.0,0.6526725680458423
2024-03-28,128106.0,0.3250033283473286
2024-04-01,126990.0,-0.8711535759449163
2024-04-02,127549.0,0.44019214111348237
2024-04-03,127318.0,-0.18110686873280546
2024-04-04,127428.0,0.0863978384831654
2024-04-05,126795.0,-0.49675110650720944
2024-04-08,128857.0,1.6262470917622895
2024-04-09,129890.0,0.8016638599377623
2024-04-10,128054.0,-1.4135037339287115
2024-04-11,127396.0,-0.5138457213363146
2024-04-12,125946.0,-1.138183302458473
2024-04-15,125334.0,-0.48592253823066534
2024-04-16,124389.0,-0.7539853511417505
2024-04-17,124171.0,-0.17525665452733374
2024-04-18,124196.0,0.020133525541399244
2024-04-19,125124.0,0.7472060291796812
2024-04-22,125573.0,0.35884402672548
2024-04-23,125148.0,-0.3384485518383773
2024-04-24,124741.0,-0.3252149455045261
2024-04-25,124646.0,-0.07615779895944197
2024-04-26,126526.0,1.5082714246746898
2024-04-29,127352.0,0.6528302483284065
2024-04-30,125924.0,-1.121301589295809
2024-05-02,127122.0,0.9513674915028192
2024-05-03,128509.0,1.0910778622110984
2024-05-06,128466.0,-0.03346069146907826
2024-05-07,129210.0,0.57914156274812
2024-05-08,129481.0,0.20973608853804837
2024-05-09,128188.0,-0.9986021115067079
2024-05-10,127600.0,-0.4587012824913361
2024-05-13,128155.0,0.4349529780564243
2024-05-14,128515.0,0.28090983574577955
2024-05-15,128028.0,-0.37894409212931857
2024-05-16,128284.0,0.1999562595682125
2024-05-17,128151.0,-0.10367621839044716
2024-05-20,127751.0,-0.3121317820383718
2024-05-21,127412.0,-0.2653599580433763
2024-05-22,125650.0,-1.3829152670078226
2024-05-23,124729.0,-0.732988460007955
2024-05-24,124306.0,-0.3391352452116192
2024-05-27,124496.0,0.15284861551332352
2024-05-28,123780.0,-0.5751188793214235
2024-05-29,122707.0,-0.8668605590563927
2024-05-31,122098.0,-0.49630420432411615
2024-06-03,122032.0,-0.05405493947484574
2024-06-04,121802.0,-0.18847515405795434
2024-06-05,121407.0,-0.32429680957619667
2024-06-06,122899.0,1.2289241971220832
2024-06-07,120767.0,-1.734757809258014
2024-06-10,120760.0,-0.0057962854090987115
2024-06-11,121635.0,0.7245776747267341
2024-06-12,119936.0,-1.396801907345746
2024-06-13,119568.0,-0.30683030949839596
2024-06-14,119662.0,0.07861635220125507
2024-06-17,119138.0,-0.43790008524009494
2024-06-18,119630.0,0.41296647585153945
2024-06-19,120261.0,0.5274596673075393
2024-06-20,120446.0,0.1538320818885497
2024-06-21,121341.0,0.7430715839463309
2024-06-24,122637.0,1.0680643805473844
2024-06-25,122331.0,-0.24951686685095176
2024-06-26,122641.0,0.25341082799943404
2024-06-27,124308.0,1.359251799969008
2024-06-28,123907.0,-0.3225858351835753
2024-07-01,124718.0,0.654523150427333
2024-07-02,124787.0,0.055324812777635124
2024-07-03,125662.0,0.7011948360005515
2024-07-04,126164.0,0.3994843309831131
2024-07-05,126267.0,0.08163977045749782
2024-07-08,126548.0,0.22254429106576268
2024-07-09,127108.0,0.4425198343711578
2024-07-10,127218.0,0.0865405796645291
2024-07-11,128294.0,0.8457922621012859
2024-07-12,128897.0,0.47001418616614554
2024-07-15,129321.0,0.3289448164037978
2024-07-16,129110.0,-0.1631598889584862
2024-07-17,129450.0,0.26334133684455807
2024-07-18,127652.0,-1.3889532638084234
2024-07-19,127616.0,-0.028201673299277363
2024-07-22,127860.0,0.19119859578735632
2024-07-23,126590.0,-0.9932738933208229
2024-07-24,126423.0,-0.1319219527608828
2024-07-25,125954.0,-0.37097680010758083
2024-07-26,127492.0,1.221080712005973
2024-07-29,126954.0,-0.42198726194584424
2024-07-30,126139.0,-0.6419648061502636
2024-07-31,127652.0,1.1994704254830069
2024-08-01,127395.0,-0.20132861216431985
2024-08-02,125854.0,-1.2096236116017067
2024-08-05,125270.0,-0.4640297487565004
2024-08-06,126267.0,0.7958808972619247
2024-08-07,127514.0,0.9875897898896868
2024-08-08,128661.0,0.8995090735135047
2024-08-09,130615.0,1.5187197363614402
2024-08-12,131116.0,0.38357003406959134
2024-08-13,132398.0,0.9777601513163869
2024-08-14,133318.0,0.694874544932711
2024-08-15,134153.0,0.6263220270330994
2024-08-16,133953.0,-0.14908350912763435
2024-08-19,135778.0,1.3624181615939923
2024-08-20,136087.0,0.2275773689404792
2024-08-21,136464.0,0.27702866548604543
2024-08-22,135173.0,-0.9460370500644855
2024-08-23,135608.0,0.3218098288859439
2024-08-26,136889.0,0.9446345348357088
2024-08-27,136776.0,-0.0825486342949433
2024-08-28,137344.0,0.415277534070313
2024-08-29,136041.0,-0.9487127213420266
2024-08-30,136004.0,-0.027197683051427557
2024-09-02,134981.0,-0.7521837593011949
2024-09-03,134353.0,-0.46525066490838984
2024-09-04,136111.0,1.3084932975073071
2024-09-05,136502.0,0.2872655406249258
2024-09-06,134572.0,-1.413898697454985
2024-09-09,134737.0,0.12261094432719499
2024-09-10,134320.0,-0.3094918248142675
2024-09-11,134677.0,0.2657832042882724
2024-09-12,134029.0,-0.4811511987941497
2024-09-13,134882.0,0.6364294294518347
2024-09-16,135118.0,0.17496774958853933
2024-09-17,134960.0,-0.1169348273361015
2024-09-18,133748.0,-0.8980438648488409
2024-09-19,133123.0,-0.4672967072404832
2024-09-20,131065.0,-1.5459387183281659
2024-09-23,130568.0,-0.37920115972990276
2024-09-24,132156.0,1.216224496048035
2024-09-25,131586.0,-0.4313084536456957
2024-09-26,133010.0,1.0821819950450617
2024-09-27,132730.0,-0.21051048793323535
2024-09-30,131816.0,-0.6886159873427222
2024-10-01,132495.0,0.5151119742671684
2024-10-02,133515.0,0.7698403713347624
2024-10-03,131672.0,-1.380369246901092
2024-10-04,131792.0,0.09113554893978026
2024-10-07,132018.0,0.17148233580186467
2024-10-08,131512.0,-0.3832810677331877
2024-10-09,129962.0,-1.17859967151287
2024-10-10,130353.0,0.30085717363537157
2024-10-11,129992.0,-0.27694030823993687
2024-10-14,131005.0,0.7792787248446009
2024-10-15,131043.0,0.029006526468444704
2024-10-16,131750.0,0.5395175629373528
2024-10-17,130793.0,-0.7263757115749558
2024-10-18,130499.0,-0.22478267185552792
2024-10-21,130362.0,-0.10498164736894022
2024-10-22,129721.0,-0.491707706233413
2024-10-23,129233.0,-0.376191981252072
2024-10-24,130067.0,0.6453460029558933
2024-10-25,129893.0,-0.13377720713171337
2024-10-28,131213.0,1.0162210434742525
2024-10-29,130730.0,-0.3681037702056966
2024-10-30,130639.0,-0.0696091180295233
2024-10-31,129713.0,-0.7088235519255304
2024-11-01,128121.0,-1.22732494044544
2024-11-04,130515.0,1.8685461399770453
2024-11-05,130661.0,0.11186453664329132
2024-11-06,130341.0,-0.24490858021903872
2024-11-07,129682.0,-0.5055968574738556
2024-11-08,127830.0,-1.4281087583473462
2024-11-11,127874.0,0.03442071501211785
2024-11-12,127698.0,-0.13763548493047617
2024-11-13,127734.0,0.028191514354181102
2024-11-14,127792.0,0.04540686113330139
2024-11-18,127768.0,-0.018780518342309538
2024-11-19,128197.0,0.3357648237430233
2024-11-21,126922.0,-0.9945630552977036
2024-11-22,129126.0,1.736499582420703
2024-11-25,129036.0,-0.06969936341247873
2024-11-26,129922.0,0.6866300877274467
2024-11-27,127669.0,-1.734117393513035
2024-11-28,124610.0,-2.396039759064461
2024-11-29,125668.0,0.849049032982907
2024-12-02,125236.0,-0.3437629308972845
2024-12-03,126139.0,0.7210386789741063
2024-12-04,126087.0,-0.0412243635988907
2024-12-05,127858.0,1.4045857225566394
2024-12-06,125946.0,-1.4954089693253403
2024-12-09,127210.0,1.0036047194829534
2024-12-10,128228.0,0.8002515525509013
2024-12-11,129593.0,1.0645100913996952
2024-12-12,126042.0,-2.7401171359564214
2024-12-13,124612.0,-1.134542454102605
2024-12-16,123560.0,-0.8442204603087977
2024-12-17,124698.0,0.9210100356102258
2024-12-18,120772.0,-3.1484065502253467
2024-12-19,121188.0,0.3444507004934927
2024-12-20,122102.0,0.7542000858170805
2024-12-23,120767.0,-1.0933481843049209
2024-12-26,121078.0,0.25752068031830166
2024-12-27,120269.0,-0.6681643238243162
2024-12-30,120283.0,0.011640572383564418
2025-01-02,120125.0,-0.13135688335009776
2025-01-03,118533.0,-1.325286160249739
2025-01-06,120022.0,1.2561902592526986
2025-01-07,121163.0,0.9506590458415953
2025-01-08,119625.0,-1.2693644099271206
2025-01-09,119781.0,0.13040752351096696
2025-01-10,118856.0,-0.7722426762174273
2025-01-13,119007.0,0.12704449081242242
2025-01-14,119299.0,0.24536371810062185
2025-01-15,122650.0,2.808908708371405
2025-01-16,121234.0,-1.1545046881369703
2025-01-17,122350.0,0.9205338436412136
2025-01-20,122543.0,0.15774417654270678
2025-01-21,123338.0,0.648751866691688
2025-01-22,122972.0,-0.29674552854757064
2025-01-23,122483.0,-0.39765149790196297
2025-01-24,122447.0,-0.029391833968794856
2025-01-27,124862.0,1.9722818852238033
2025-01-28,124056.0,-0.6455126459611438
2025-01-29,123432.0,-0.5029986457728786
2025-01-30,126913.0,2.8201762913993234
2025-01-31,126135.0,-0.6130183669127653
2025-02-03,125970.0,-0.13081222499702339
2025-02-04,125147.0,-0.6533301579741191
2025-02-05,125534.0,0.309236338066432
2025-02-06,126225.0,0.5504484840760382
2025-02-07,124619.0,-1.272331154684092
2025-02-10,125572.0,0.7647308997825286
2025-02-11,126522.0,0.7565380817379674
2025-02-12,124380.0,-1.6929862000284568
2025-02-13,124850.0,0.3778742563113058
2025-02-14,128219.0,2.6984381257509016
2025-02-17,128869.0,0.5069451485349319
2025-02-18,128532.0,-0.26150587030240313
2025-02-19,127309.0,-0.9515140198549821
2025-02-20,127601.0,0.2293632029157333
2025-02-21,127128.0,-0.37068675010384355
2025-02-24,125401.0,-1.3584733496947998
2025-02-25,125980.0,0.4617188060701327
2025-02-26,124769.0,-0.9612636926496276
2025-02-27,124799.0,0.024044434114234292
2025-02-28,122799.0,-1.6025769437255089
2025-03-05,123047.0,0.20195604198731676
2025-03-06,123358.0,0.25274894958837724
2025-03-07,125035.0,1.3594578381620925
2025-03-10,124519.0,-0.41268444835446116
2025-03-11,123507.0,-0.8127273749387598
2025-03-12,123864.0,0.2890524423716956
2025-03-13,125637.0,1.4314086417360983
2025-03-14,128957.0,2.6425336485271123
2025-03-17,130834.0,1.4555239343347015
2025-03-18,131475.0,0.4899338092544836
2025-03-19,132508.0,0.7857007035558139
2025-03-20,131955.0,-0.41733329308418776
2025-03-21,132345.0,0.29555530294418375
2025-03-24,131321.0,-0.773735313007673
2025-03-25,132068.0,0.5688351444171236
2025-03-26,132520.0,0.3422479328830663
2025-03-27,133149.0,0.47464533655297014
2025-03-28,131902.0,-0.936544773148873
2025-03-31,130260.0,-1.244863610862612
2025-04-01,131147.0,0.6809458007062785
2025-04-02,131190.0,0.032787635248987534
2025-04-03,131141.0,-0.03735040780546983
2025-04-04,127256.0,-2.9624602527051014
2025-04-07,125588.0,-1.310743697743133
2025-04-08,123932.0,-1.31859731821512
2025-04-09,127796.0,3.1178388148339398
2025-04-10,126355.0,-1.127578327960188
2025-04-11,127682.0,1.0502156622215209
2025-04-14,129454.0,1.3878228724487407
2025-04-15,129245.0,-0.16144730946899832
2025-04-16,128317.0,-0.7180161708383315
2025-04-17,129650.0,1.038833513875792
2025-04-22,130464.0,0.627844195912064
2025-04-23,132216.0,1.3428991905813037
2025-04-24,134580.0,1.787983300054452
2025-04-25,134739.0,0.11814534106107111
2025-04-28,135016.0,0.20558264496544076
2025-04-29,135093.0,0.05703027789298876
2025-04-30,135067.0,-0.019246000903083704
